{
  "model_version": "logistic_regression|20250811-152856",
  "scores": {
    "C1049830": 0.4633751948964268,
    "C1018602": 0.3429271587036376,
    "C1003237": 0.3582573535489856,
    "C1006915": 0.5121793972186295,
    "C1001015": 0.3952394735708978,
    "C1032315": 0.6007601832172772,
    "C1040074": 0.3110920216427245,
    "C1011000": 0.5291360571738362,
    "C1026686": 0.357267620708237,
    "C1017535": 0.49738865940144644
  },
  "reason_codes": {
    "C1049830": [],
    "C1018602": [],
    "C1003237": [],
    "C1006915": [],
    "C1001015": [],
    "C1032315": [
      "high_dti"
    ],
    "C1040074": [],
    "C1011000": [
      "recent_delinquency"
    ],
    "C1026686": [],
    "C1017535": []
  }
}